0.00144221,0.458808,0,0
0.00240193,0.007996,0.5,7628.54
0.00396756,0.007996,0.5,-2e-05
0.00595572,0.673066,0.5,-4.5e-05
0.00741739,0.457739,0.5,-4.5e-05
0.0089576,0.161166,0.5,-4.5e-05
0.0103821,0.067563,0.5,-0.003109
0.0119564,0.061261,0.5,-0.004531
0.0134097,0.055333,0.5,-0.005626
0.0149539,0.025173,0.5,-0.006353
0.0163748,0.014877,0.5,-0.00754
0.0179583,0.005781,0.5,-0.008497
0.0194122,0.012705,0.5,-0.009421
0.0209588,0.014094,0.5,-0.010187
0.0223792,0.009247,0.5,-0.01112
0.0239594,0.029369,0.5,-0.011766
0.0249704,0.004281,0.5,-0.012504
0.0268559,0.031294,0.5,-0.012891
0.0283805,0.009655,0.5,-0.013701
0.0299599,0.032317,0.5,-0.014455
0.0309711,0.032317,0.5,-0.015058
0.0329603,0.020712,0.5,-0.015456
0.033973,0.020712,0.5,-0.016333
0.0353834,0.039315,0.5,-0.016677
0.0369612,0.039315,0.5,-0.017119
0.038961,0.037766,0.5,-0.017762
0.0409621,0.037766,0.5,-0.018431
0.0428587,0.037766,0.5,-0.01908
0.0443829,0.037766,0.5,-0.019575
0.0459625,0.031521,0.5,-0.02012
0.047963,0.031521,0.5,-0.02051
0.0499632,0.031521,0.5,-0.021035
0.0520034,0.031521,0.5,-0.02159
0.0529751,0.026861,0.5,-0.021987
0.0549631,0.012252,0.5,-0.022242
0.0569655,0.012252,0.5,-0.022626
0.0588602,0.007722,0.5,-0.022918
0.0603879,0.003451,0.5,-0.023235
0.0619647,0.019631,0.5,-0.023413
0.0639657,0.019631,0.5,-0.02359
0.0659656,0.019631,0.5,-0.023654
0.0680105,0.007772,0.5,-0.023898
0.0699736,0.434836,0.5,-0.446862
0.070966,0.019251,0.5,-0.446862
0.0729677,0.007584,0.5,-0.024079
0.0748638,0.007584,0.5,-0.024038
0.0763892,0.035638,0.5,-0.024055
0.0779685,0.035638,0.5,-0.024071
0.079969,0.019078,0.5,-0.024014
0.0819686,0.003443,0.5,-0.023963
0.0834003,0.003443,0.5,-0.023794
0.0853917,0.003443,0.5,-0.023848
0.0869688,0.035375,0.5,-0.023704
0.0883909,0.023547,0.5,-0.02372
0.0899705,0.011367,0.5,-0.023618
0.0909821,0.011367,0.5,-0.02367
0.0923909,0.011367,0.5,-0.023632
0.0939748,0.003377,0.5,-0.023576
0.0953919,0.003377,0.5,-0.023553
0.0974225,0.027513,0.5,-0.023475
0.0988733,0.027513,0.5,-0.023477
0.0999845,0.027513,0.5,-0.023492
0.101975,0.027513,0.5,-0.023363
0.103392,0.003312,0.5,-0.02341
0.104972,0.003312,0.5,-0.023354
0.106868,0.023737,0.5,-0.023342
0.107984,0.023737,0.5,-0.023331
0.109973,0.019539,0.5,-0.023332
0.111974,0.019539,0.5,-0.02326
0.112984,0.011473,0.5,-0.023285
0.114876,0.011473,0.5,-0.023286
0.115986,0.003336,0.5,-0.023264
0.117973,0.019742,0.5,-0.02322
0.118987,0.019742,0.5,-0.023256
0.120395,0.019742,0.5,-0.023269
0.121975,0.019742,0.5,-0.023324
0.123396,0.019742,0.5,-0.02335
0.125011,0.003253,0.5,-0.023351
0.126975,0.003253,0.5,-0.023362
0.128976,0.003253,0.5,-0.023425
0.130878,0.035575,0.5,-0.023308
0.131988,0.035575,0.5,-0.02334
0.133977,0.035575,0.5,-0.023369
0.135977,0.035575,0.5,-0.023449
0.137977,0.039557,0.5,-0.023412
0.139396,0.019317,0.5,-0.0233
0.140977,0.035488,0.5,-0.023383
0.141988,0.035488,0.5,-0.023351
0.142989,0.035488,0.5,-0.02335
0.144978,0.035488,0.5,-0.023298
0.145989,0.035488,0.5,-0.023306
0.147398,0.003123,0.5,-0.023353
0.148978,0.003123,0.5,-0.023262
0.150978,0.019355,0.5,-0.023335
0.153015,0.019286,0.5,-0.023314
0.154876,0.019286,0.5,-0.023347
0.155991,0.007075,0.5,-0.023279
0.15798,0.007075,0.5,-0.023398
0.159981,0.007075,0.5,-0.023295
0.161981,0.007075,0.5,-0.023365
0.163402,0.007075,0.5,-0.023399
0.164981,0.007075,0.5,-0.023306
0.166981,0.035487,0.5,-0.02337
0.168017,0.035487,0.5,-0.023343
0.168993,0.035487,0.5,-0.02334
0.170878,0.011361,0.5,-0.023386
0.171994,0.0031,0.5,-0.02336
0.173982,0.007169,0.5,-0.023395
0.175983,0.019016,0.5,-0.023318
0.177985,0.019016,0.5,-0.023326
0.180044,0.019016,0.5,-0.023305
0.182013,0.435553,0.5,-0.023289
0.183015,0.435553,0.5,15258.5
0.18502,0.435553,0.5,-0.02334
0.186911,0.023252,0.5,-0.023243
0.189008,0.736267,0.5,-0.023293
0.191015,0.43416,0.5,-0.023293
0.191984,0.159131,0.5,-0.023293
0.194009,0.091051,0.5,-0.026916
0.196024,0.047706,0.5,-0.028908
0.197986,0.010907,0.5,-0.030252
0.199987,0.017404,0.5,-0.031686
0.201984,0.009211,0.5,-0.033022
0.204024,0.019046,0.5,-0.034392
0.205987,0.01859,0.5,-0.035602
0.207988,0.013202,0.5,-0.036747
0.209988,0.007106,0.5,-0.037791
0.212024,0.007787,0.5,-0.038877
0.214024,0.004336,0.5,-0.039955
0.21599,0.004336,0.5,-0.040947
0.217989,0.004336,0.5,-0.042029
0.220025,0.004336,0.5,-0.043172
0.221989,0.023663,0.5,-0.044193
0.22399,0.023663,0.5,-0.045066
0.22599,0.023429,0.5,-0.045976
0.228027,0.031598,0.5,-0.046853
0.229991,0.012031,0.5,-0.047617
0.231988,0.036086,0.5,-0.04826
0.233991,0.036086,0.5,-0.049002
0.236024,0.036086,0.5,-0.049712
0.237993,0.036086,0.5,-0.050374
0.239993,0.006029,0.5,-0.05097
0.241992,0.035906,0.5,-0.051541
0.244029,0.030044,0.5,-0.0521
0.24599,0.021099,0.5,-0.052571
0.24803,0.023665,0.5,-0.053001
0.249994,0.011921,0.5,-0.053427
0.252031,0.026218,0.5,-0.053714
0.253996,0.021674,0.5,-0.054029
0.255992,0.021674,0.5,-0.054298
0.257995,0.00981,0.5,-0.054524
0.260031,0.012606,0.5,-0.054698
0.261998,0.012606,0.5,-0.054932
0.263993,0.012679,0.5,-0.055001
0.265996,0.012679,0.5,-0.055114
0.268033,0.012679,0.5,-0.055144
0.269999,0.02639,0.5,-0.0552
0.271996,0.012666,0.5,-0.055166
0.273998,0.036858,0.5,-0.055077
0.275031,0.036858,0.5,-0.055094
0.276418,0.02176,0.5,-0.054967
0.278,0.012556,0.5,-0.054912
0.279459,0.404011,0.5,-0.054933
0.280422,0.006088,0.5,53405.5
0.282004,0.019871,0.5,-0.054815
0.284035,0.02166,0.5,-0.054759
0.286001,0.025616,0.5,-0.054649
0.288,0.640832,0.5,-0.054626
0.290006,0.403191,0.5,-0.054626
0.290902,0.195425,0.5,-0.054626
0.292014,0.077167,0.5,-0.057458
0.294002,0.077758,0.5,-0.05866
0.296002,0.058659,0.5,-0.060069
0.298002,0.05276,0.5,-0.061147
0.300037,0.03017,0.5,-0.062236
0.302003,0.00857,0.5,-0.063278
0.303998,0.065549,0.5,-0.064376
0.306002,0.065549,0.5,-0.065291
0.308038,0.017971,0.5,-0.066145
0.310004,0.009018,0.5,-0.067001
0.312039,0.008294,0.5,-0.067677
0.314003,0.019013,0.5,-0.068391
0.31604,0.000506,0.5,-0.069307
0.318004,0.000506,0.5,-0.070184
0.320004,0.016968,0.5,-0.070965
0.322002,0.007587,0.5,-0.071755
0.324041,0.003517,0.5,-0.07245
0.326006,0.016784,0.5,-0.073139
0.328006,0.005218,0.5,-0.073809
0.330006,0.010751,0.5,-0.074451
0.332042,0.00098,0.5,-0.075056
0.334006,0.006902,0.5,-0.075673
0.336004,0.01649,0.5,-0.076295
0.338007,0.010813,0.5,-0.076712
0.340044,0.013097,0.5,-0.077174
0.342007,0.00743,0.5,-0.077568
0.344008,0.013218,0.5,-0.077937
0.346041,0.020244,0.5,-0.078257
0.348044,0.020244,0.5,-0.078625
0.350009,0.008759,0.5,-0.078889
0.35201,0.008759,0.5,-0.079053
0.35343,0.002603,0.5,-0.079304
0.354912,0.002603,0.5,-0.079404
0.356432,0.002603,0.5,-0.079471
0.35801,0.002603,0.5,-0.079625
0.359432,0.002603,0.5,-0.079768
0.361011,0.002603,0.5,-0.079847
0.36243,0.000455,0.5,-0.079832
0.364047,0.006816,0.5,-0.079911
0.365431,0.019111,0.5,-0.079897
0.367011,0.020952,0.5,-0.079818
0.368433,0.012609,0.5,-0.079853
0.370012,0.01255,0.5,-0.079871
0.372073,0.004248,0.5,-0.079786
0.373476,0.379046,0.5,-0.079786
0.374432,0.379046,0.5,-0.079786
0.376013,0.379046,0.5,-0.07965
0.377433,0.379046,0.5,-0.079575
0.37891,0.379046,0.5,-0.079532
0.380433,0.379046,0.5,-0.079541
0.382013,0.002759,0.5,-0.079454
0.383433,0.005893,0.5,-0.07942
0.385015,0.010428,0.5,-0.079385
0.386434,0.007201,0.5,-0.079364
0.388051,0.011881,0.5,-0.079368
0.389435,0.011881,0.5,-0.079405
0.391015,0.001005,0.5,-0.079491
0.392437,0.001005,0.5,-0.079362
0.394016,0.001005,0.5,-0.07938
0.395436,0.001005,0.5,-0.079384
0.397016,0.001005,0.5,-0.079428
0.399071,0.001005,0.5,-0.079383
0.400052,0.001005,0.5,-0.079354
0.401462,0.012127,0.5,-0.079475
0.402939,0.013702,0.5,-0.079463
0.404459,0.013431,0.5,-0.079413
0.406037,0.011994,0.5,-0.079424
0.407457,0.015383,0.5,-0.079424
0.409036,0.002395,0.5,-0.079395
0.410458,0.005674,0.5,-0.079482
0.412055,0.005674,0.5,-0.07947
0.41344,0.005678,0.5,-0.079516
0.41502,0.005678,0.5,-0.079458
0.416441,0.005678,0.5,-0.079503
0.41802,0.005678,0.5,-0.079479
0.419476,0.005678,0.5,-0.079484
0.421021,0.005678,0.5,-0.079404
0.422441,0.005678,0.5,-0.07945
0.424473,0.005678,0.5,-0.079313
0.425476,0.005678,0.5,-0.079391
0.426918,0.007059,0.5,-0.079527
0.428442,0.008826,0.5,-0.07942
0.43002,0.01193,0.5,-0.079419
0.431442,0.007086,0.5,-0.079379
0.433022,0.007086,0.5,-0.079436
0.43444,0.007086,0.5,-0.079453
0.436056,0.000873,0.5,-0.079467
0.437444,0.000873,0.5,-0.079496
0.439025,0.000873,0.5,-0.079487
0.440445,0.000873,0.5,-0.079402
0.442024,0.000873,0.5,-0.079516
0.443445,0.000849,0.5,-0.079373
0.445023,0.01549,0.5,-0.079428
0.446444,0.01515,0.5,-0.079457
0.448025,0.002542,0.5,-0.079499
0.450085,0.002519,0.5,-0.07949
0.451445,0.379321,0.5,-0.455008
0.452446,0.379321,0.5,-0.455008
0.454027,0.379321,0.5,-0.079485
0.455446,0.379321,0.5,-0.079406
0.457028,0.379321,0.5,-0.07939
0.458449,0.379321,0.5,-0.079465
0.460065,0.011816,0.5,-0.079493
0.461448,0.01814,0.5,-0.07944
0.463029,0.005027,0.5,-0.079384
0.464449,0.008467,0.5,-0.079488
0.466029,0.008467,0.5,-0.079407
0.467483,0.008467,0.5,-0.079407
0.46903,0.008467,0.5,-0.079336
0.47045,0.008467,0.5,-0.079419
0.472031,0.008467,0.5,-0.079447
0.473452,0.00098,0.5,-0.079436
0.474927,0.013601,0.5,-0.079427
0.477091,0.016937,0.5,-0.079486
0.478067,0.016937,0.5,-0.079461
0.479452,0.002449,0.5,-0.07947
0.481031,0.002449,0.5,-0.079435
0.482452,0.002449,0.5,-0.079388
0.484068,0.002449,0.5,-0.079463
0.485452,0.002449,0.5,-0.07946
0.487033,0.002449,0.5,-0.079472
0.488454,0.002449,0.5,-0.079464
0.490033,0.002449,0.5,-0.079438
0.491453,0.011942,0.5,-0.079438
0.493033,0.016633,0.5,-0.079488
0.494454,0.013377,0.5,-0.079435
0.496034,0.002446,0.5,-0.079437
0.497454,0.000734,0.5,-0.079436
0.498937,0.000734,0.5,-0.079354
0.500456,0.000734,0.5,-0.07942
0.502486,0.000694,0.5,-0.079431
0.503483,0.000694,0.5,-0.07947
0.505035,0.000694,0.5,-0.079431
0.506458,0.000694,0.5,-0.079465
0.508035,0.003824,0.5,-0.079427
0.509455,0.004054,0.5,-0.079379
0.511034,0.022671,0.5,-0.079422
0.512456,0.005536,0.5,-0.07941
0.514034,0.01186,0.5,-0.079416
0.515491,0.00073,0.5,-0.079414
0.517039,0.00073,0.5,-0.079403
0.518457,0.00073,0.5,-0.07944
0.520038,0.00073,0.5,-0.07939
0.521458,0.00073,0.5,-0.079445
0.522934,0.000693,0.5,-0.07943
0.524458,0.000693,0.5,-0.079434
0.526038,0.000693,0.5,-0.079479
0.527459,0.000693,0.5,-0.079422
0.529039,0.000342,0.5,-0.079483
0.530459,0.00091,0.5,-0.079417
0.532075,0.005583,0.5,-0.079373
0.533459,0.008587,0.5,-0.079434
0.535036,0.008587,0.5,-0.079427
0.53646,0.003845,0.5,-0.079352
0.538038,0.003845,0.5,-0.079485
0.539461,0.003845,0.5,-0.079421
0.541038,0.003845,0.5,-0.079424
0.542458,0.003845,0.5,-0.079389
0.544039,0.003845,0.5,-0.079449
0.545459,0.001026,0.5,-0.07945
0.546941,0.01014,0.5,-0.079484
0.54846,0.01634,0.5,-0.079474
0.550039,0.011816,0.5,-0.079401
0.55146,0.011816,0.5,-0.079403
0.55304,0.011816,0.5,-0.079383
0.554496,0.011816,0.5,-0.079452
0.556041,0.011816,0.5,-0.079434
0.557461,0.011816,0.5,-0.079455
0.559041,0.011816,0.5,-0.07942
0.560458,0.011816,0.5,-0.079444
0.562041,0.013268,0.5,-0.079433
0.563495,0.007038,0.5,-0.079506
0.565044,0.014892,0.5,-0.079449
0.566461,0.002537,0.5,-0.079418
0.56804,0.002537,0.5,-0.079396
0.569463,0.002537,0.5,-0.079462
0.570939,0.002537,0.5,-0.079487
0.572464,0.002537,0.5,-0.079377
0.574043,0.002537,0.5,-0.079393
0.575463,0.002537,0.5,-0.079489
0.577044,0.002537,0.5,-0.079459
0.578463,0.011763,0.5,-0.079473
0.58008,0.011763,0.5,-0.07949
0.581466,0.010358,0.5,-0.079428
0.583044,0.002431,0.5,-0.079487
0.584462,0.002431,0.5,-0.079418
0.586045,0.002431,0.5,-0.079463
0.587465,0.002431,0.5,-0.079496
0.589045,0.011805,0.5,-0.079478
0.590467,0.011805,0.5,-0.079509
0.592043,0.011805,0.5,-0.079423
0.593466,0.011805,0.5,-0.079416
0.594948,0.011805,0.5,-0.07942
0.596468,0.011805,0.5,-0.079388
0.598046,0.008503,0.5,-0.079453
0.599468,0.016301,0.5,-0.079474
0.601047,0.008514,0.5,-0.079429
0.602467,0.007074,0.5,-0.07945
0.603477,0.007046,0.5,-0.079424
0.605083,0.007046,0.5,-0.079382
0.606468,0.011761,0.5,-0.0795
0.608045,0.011643,0.5,-0.079423
0.609468,0.00906,0.5,-0.079388
0.610951,0.00906,0.5,-0.079381
0.612467,0.00906,0.5,-0.079468
0.614049,0.014987,0.5,-0.079473
0.615469,0.014987,0.5,-0.079401
0.617049,0.010491,0.5,-0.079411
0.61847,0.010491,0.5,-0.079448
0.620047,0.008541,0.5,-0.07946
0.62147,0.015082,0.5,-0.079415
0.623051,0.015082,0.5,-0.079398
0.624473,0.01039,0.5,-0.079416
0.626051,0.01039,0.5,-0.079449
0.627504,0.01039,0.5,-0.07948
0.629051,0.01039,0.5,-0.079414
0.630507,0.01039,0.5,-0.079469
0.632052,0.01039,0.5,-0.079417
0.633474,0.01039,0.5,-0.079462
0.634948,0.00279,0.5,-0.079426
0.63647,0.00279,0.5,-0.079422
0.638052,0.00279,0.5,-0.079437
0.639472,0.010712,0.5,-0.079397
0.641053,0.010712,0.5,-0.079424
0.642475,0.001146,0.5,-0.079484
0.644087,0.002753,0.5,-0.079425
0.645474,0.002753,0.5,-0.079403
0.647053,0.010417,0.5,-0.079453
0.648475,0.010417,0.5,-0.079406
0.650054,0.008316,0.5,-0.079421
0.651474,0.017863,0.5,-0.079457
0.653055,0.017863,0.5,-0.079389
0.654475,0.017863,0.5,-0.079475
0.656091,0.017863,0.5,-0.079454
0.657476,0.017863,0.5,-0.079451
0.658957,0.017221,0.5,-0.079434
0.660473,0.017221,0.5,-0.079425
0.662056,0.017221,0.5,-0.079401
0.663476,0.011955,0.5,-0.079421
0.665056,0.011955,0.5,-0.079507
0.666476,0.003941,0.5,-0.07949
0.668055,0.003941,0.5,-0.079441
0.669477,0.003941,0.5,-0.079459
0.671057,0.011747,0.5,-0.079494
0.672478,0.011747,0.5,-0.079445
0.674057,0.005707,0.5,-0.079447
0.675512,0.011927,0.5,-0.07941
0.677058,0.011915,0.5,-0.079452
0.678478,0.008944,0.5,-0.0794
0.680059,0.00398,0.5,-0.079468
0.682064,0.37945,0.5,-0.079491
0.683517,0.015332,0.5,30517.5
0.685065,0.015332,0.5,-0.079447
0.68648,0.01181,0.5,-0.079417
0.688061,0.01181,0.5,-0.079429
0.68948,0.01181,0.5,-0.079434
0.691481,0.638993,0.5,-0.079414
0.693104,0.378514,0.5,-0.079414
0.69406,0.245848,0.5,-0.079414
0.695479,0.076634,0.5,-0.081985
0.697061,0.052296,0.5,-0.083311
0.698481,0.088899,0.5,-0.084532
0.700059,0.032982,0.5,-0.085411
0.701484,0.044907,0.5,-0.086365
0.70306,0.006551,0.5,-0.087186
0.704483,0.033491,0.5,-0.088049
0.70606,0.033491,0.5,-0.088766
0.707516,0.033491,0.5,-0.089449
0.709098,0.00603,0.5,-0.090135
0.710483,0.010682,0.5,-0.090658
0.712064,0.045637,0.5,-0.09125
0.713483,0.001674,0.5,-0.091668
0.71496,0.036171,0.5,-0.092268
0.716482,0.036171,0.5,-0.09279
0.718066,0.018827,0.5,-0.093318
0.719485,0.018827,0.5,-0.093924
0.721064,0.022118,0.5,-0.094559
0.722485,0.022118,0.5,-0.095066
0.724098,0.017687,0.5,-0.095682
0.725486,0.017687,0.5,-0.096142
0.727065,0.004881,0.5,-0.096521
0.728486,0.004881,0.5,-0.097063
0.730065,0.005376,0.5,-0.097511
0.731486,0.005376,0.5,-0.09786
0.733066,0.002032,0.5,-0.09834
0.734521,0.002032,0.5,-0.098675
0.736067,0.014175,0.5,-0.099071
0.737485,0.014175,0.5,-0.099464
0.738967,0.01411,0.5,-0.099743
0.740485,0.01411,0.5,-0.099873
0.742068,0.011483,0.5,-0.100192
0.743491,0.001963,0.5,-0.100429
0.745068,0.035043,0.5,-0.100598
0.746489,0.035043,0.5,-0.100772
0.748066,0.004614,0.5,-0.100903
0.74949,0.004614,0.5,-0.100998
0.751069,0.011578,0.5,-0.101164
0.75249,7.2e-05,0.5,-0.101204
0.754069,0.016282,0.5,-0.10117
0.755523,0.016282,0.5,-0.101163
0.757071,0.011634,0.5,-0.101168
0.75849,0.034395,0.5,-0.101148
0.760107,0.024974,0.5,-0.101117
0.761491,0.004585,0.5,-0.101068
0.762968,0.004585,0.5,-0.100942
0.764489,0.004585,0.5,-0.10089
0.766072,0.004585,0.5,-0.100854
0.767492,0.004585,0.5,-0.100759
0.769072,0.035614,0.5,-0.100696
0.770492,0.035614,0.5,-0.100605
0.772107,0.026447,0.5,-0.100574
0.773494,0.026447,0.5,-0.100523
0.775072,0.009398,0.5,-0.10049
0.776496,0.021769,0.5,-0.100493
0.778073,0.021769,0.5,-0.100492
0.779493,0.0174,0.5,-0.100408
0.781074,0.0174,0.5,-0.100338
0.782494,0.003166,0.5,-0.100308
0.784075,0.003166,0.5,-0.100201
0.785532,0.004784,0.5,-0.100204
0.786976,0.042168,0.5,-0.100118
0.788493,0.042168,0.5,-0.100068
0.790076,0.000735,0.5,-0.100032
0.791495,0.003346,0.5,-0.099928
0.793076,0.003346,0.5,-0.099844
0.794495,0.028316,0.5,-0.099791
0.796109,0.028316,0.5,-0.099812
0.797497,0.00094,0.5,-0.099743
0.799076,0.010145,0.5,-0.099727
0.800497,0.002797,0.5,-0.099764
0.802079,0.028358,0.5,-0.099796
0.803531,0.002827,0.5,-0.099705
0.805078,0.002827,0.5,-0.099801
0.806499,0.002827,0.5,-0.099779
0.808078,0.000165,0.5,-0.099817
0.809089,0.030141,0.5,-0.09982
0.811504,0.030141,0.5,-0.099837
0.812496,0.018179,0.5,-0.099883
0.814079,0.018179,0.5,-0.099872
0.815499,0.017493,0.5,-0.099921
0.817079,0.03403,0.5,-0.09984
0.818502,0.03403,0.5,-0.0999
0.820113,0.028473,0.5,-0.099945
0.821501,0.028473,0.5,-0.099908
0.823081,0.01018,0.5,-0.099911
0.824501,0.01018,0.5,-0.09981
0.82608,0.01018,0.5,-0.099819
0.827094,0.020978,0.5,-0.099807
0.829081,0.020978,0.5,-0.09981
0.831081,0.021074,0.5,-0.099778
0.833082,0.021074,0.5,-0.099751
0.834985,0.021074,0.5,-0.099798
0.836499,0.021074,0.5,-0.09987
0.838532,0.037804,0.5,-0.099813
0.840084,0.037804,0.5,-0.099761
0.842083,0.037804,0.5,-0.099831
0.843514,0.003026,0.5,-0.099784
0.845503,0.003052,0.5,-0.099953
0.847084,0.003052,0.5,-0.099872
0.848096,0.038428,0.5,-0.099878
0.850085,0.038428,0.5,-0.099832
0.852117,0.038428,0.5,-0.099826
0.853096,0.038428,0.5,-0.09982
0.855085,0.038428,0.5,-0.099879
0.857087,0.038428,0.5,-0.099849
0.858096,0.008434,0.5,-0.099845
0.859501,0.008434,0.5,-0.099813
0.861087,0.008434,0.5,-0.099845
0.863085,0.02063,0.5,-0.099743
0.865086,0.036361,0.5,-0.099831
0.866097,0.023414,0.5,-0.099827
0.868146,0.359039,0.5,-0.099782
0.869093,0.359039,0.5,7628.54
0.870103,0.006842,0.5,-0.099817
0.871099,0.006842,0.5,-0.099749
0.872505,0.006842,0.5,-0.099739
0.874088,0.02137,0.5,-0.099807
0.875524,0.021302,0.5,-0.099832
0.878088,0.660394,0.5,-0.099855
0.880092,0.357927,0.5,-0.099855
0.881089,0.18524,0.5,-0.099855
0.8821,0.047041,0.5,-0.102796
0.884125,0.053112,0.5,-0.104177
0.885102,0.055082,0.5,-0.10534
0.887089,0.026686,0.5,-0.10611
0.888098,0.024009,0.5,-0.107328
0.89009,0.024009,0.5,-0.10832
0.891506,0.010135,0.5,-0.109323
0.893127,0.009266,0.5,-0.110096
0.894548,0.019891,0.5,-0.110963
0.896091,0.010455,0.5,-0.111717
0.898091,0.022011,0.5,-0.11278
0.899507,0.015098,0.5,-0.113834
0.901091,0.021813,0.5,-0.114424
0.90309,0.006806,0.5,-0.115141
0.905092,1.5e-05,0.5,-0.116079
0.906988,1.5e-05,0.5,-0.116982
0.908102,0.012006,0.5,-0.117735
0.910091,0.012006,0.5,-0.118477
0.912094,0.015986,0.5,-0.119132
0.914094,0.015986,0.5,-0.119851
0.916152,0.015986,0.5,-0.120617
0.917127,0.027633,0.5,-0.12101
0.919094,0.033133,0.5,-0.121658
0.921095,0.033133,0.5,-0.122293
0.922937,0.033133,0.5,-0.122948
0.924104,0.033133,0.5,-0.123337
0.926095,0.036797,0.5,-0.123548
0.928096,0.036797,0.5,-0.12409
0.930093,0.032928,0.5,-0.124442
0.931511,0.051949,0.5,-0.124708
0.933097,0.051949,0.5,-0.124947
0.935096,0.009312,0.5,-0.1251
0.937097,0.033408,0.5,-0.125275
0.938992,0.023663,0.5,-0.125423
0.940107,0.005071,0.5,-0.125469
0.941515,0.030898,0.5,-0.125503
0.943098,0.030898,0.5,-0.125545
0.945098,0.059752,0.5,-0.125557
0.946999,0.059752,0.5,-0.125458
0.948108,0.028705,0.5,-0.125405
0.9501,0.001919,0.5,-0.125375
0.952135,0.001919,0.5,-0.12515
0.9541,0.001919,0.5,-0.125108
0.956161,0.001919,0.5,-0.124975
0.957135,0.001919,0.5,-0.1248
0.9591,0.007203,0.5,-0.124854
0.961101,0.007203,0.5,-0.124724
0.963003,0.007221,0.5,-0.124567
0.964113,0.01411,0.5,-0.124461
0.966101,0.01411,0.5,-0.124409
0.968099,0.011935,0.5,-0.124366
0.970102,0.025421,0.5,-0.124176
0.97216,0.045321,0.5,-0.124114
0.973139,0.007329,0.5,-0.124167
0.975103,0.020693,0.5,-0.123999
0.977103,0.013324,0.5,-0.123775
0.979004,0.013324,0.5,-0.123762
0.980112,0.0245,0.5,-0.123603
0.982557,0.020455,0.5,-0.123614
0.984106,0.002812,0.5,-0.123495
0.986104,0.002812,0.5,-0.123305
0.988137,0.002812,0.5,-0.123308
0.990106,0.002812,0.5,-0.123204
0.992124,0.002785,0.5,-0.12312
0.994127,0.02639,0.5,-0.123086
0.996162,0.004508,0.5,-0.123026
0.998113,0.007402,0.5,-0.123029
1.00011,0.007402,0.5,-0.123129
1.00115,0.007375,0.5,-0.123064
1.00302,0.007375,0.5,-0.123042
1.00414,0.017337,0.5,-0.12301
1.00611,0.013797,0.5,-0.123091
1.00811,0.013797,0.5,-0.123196
1.01011,0.013797,0.5,-0.123087
1.01217,0.013797,0.5,-0.123122
1.01412,0.013797,0.5,-0.123201
1.01612,0.024812,0.5,-0.123267
1.01812,0.024812,0.5,-0.12315
1.02014,0.001685,0.5,-0.123186
1.02212,0.011952,0.5,-0.123208
1.02355,0.002741,0.5,-0.123185
1.02511,0.002741,0.5,-0.123149
1.02701,0.002741,0.5,-0.123061
1.02815,0.002741,0.5,-0.123139
1.03011,0.007407,0.5,-0.123144
1.03211,0.007407,0.5,-0.123014
1.03411,0.00278,0.5,-0.123129
1.03615,0.001627,0.5,-0.123085
1.03811,0.001638,0.5,-0.123081
1.04012,0.033023,0.5,-0.123135
1.04115,0.024703,0.5,-0.123123
1.04253,0.024703,0.5,-0.123133
1.04354,0.024703,0.5,-0.123145
1.04513,0.335643,0.5,-0.12318
1.04557,0.000972,0.5,-0.12318
1.04712,0.000972,0.5,-0.123175
1.04912,0.03297,0.5,-0.123099
1.05101,0.03297,0.5,-0.123123
1.05215,0.009038,0.5,-0.123134
1.05412,0.009038,0.5,-0.123178
1.05612,0.001028,0.5,-0.123086
1.05812,0.001028,0.5,-0.123116
1.06015,0.001028,0.5,-0.123074
1.06211,0.001028,0.5,-0.123104
1.06412,0.010812,0.5,-0.123095
1.06554,0.010812,0.5,-0.1231
1.06701,0.008985,0.5,-0.12304
1.06813,0.013976,0.5,-0.123129
1.07012,0.021615,0.5,-0.123113
1.07212,0.021615,0.5,-0.12313
1.07416,0.021615,0.5,-0.12314
1.07616,0.023617,0.5,-0.123164
1.07812,0.004375,0.5,-0.123105
1.08012,0.004375,0.5,-0.12323
1.08212,0.004375,0.5,-0.123111
1.08416,0.007181,0.5,-0.123158
1.08516,0.007242,0.5,-0.123137
1.08654,0.003149,0.5,-0.1231
1.08812,0.010667,0.5,-0.12313
1.09012,0.010667,0.5,-0.123112
1.09216,0.010667,0.5,-0.123079
1.09412,0.010667,0.5,-0.123087
1.09612,0.030951,0.5,-0.123087
1.09754,0.030951,0.5,-0.123093
1.09858,0.001589,0.5,-0.123211
1.10016,0.001589,0.5,-0.123129
1.10212,0.02289,0.5,-0.123184
1.10416,0.02289,0.5,-0.123072
1.10613,0.02289,0.5,-0.123176
1.1076,0.02289,0.5,-0.123172
1.10859,0.335751,0.5,-0.123176
1.10955,0.335751,0.5,45775.5
1.11113,0.335751,0.5,-0.123084
1.11313,0.335751,0.5,-0.123165
1.11502,0.335751,0.5,-0.123165
1.11614,0.01082,0.5,-0.12318
1.11813,0.01082,0.5,-0.123041
1.12013,0.023799,0.5,-0.123095
1.12213,0.635179,0.5,-0.123159
1.12355,0.334951,0.5,-0.123159
1.12455,0.216684,0.5,-0.123159
1.12613,0.079169,0.5,-0.125639
1.12813,0.044222,0.5,-0.127212
1.12914,0.095248,0.5,-0.128814
1.13156,0.020987,0.5,-0.129537
1.13255,0.07317,0.5,-0.129537
1.13413,0.017373,0.5,-0.131279
1.13613,0.012462,0.5,-0.132136
1.13813,0.012123,0.5,-0.132972
1.14017,0.05006,0.5,-0.133872
1.14213,0.010251,0.5,-0.134656
1.14413,0.010682,0.5,-0.135521
1.14514,0.014985,0.5,-0.136283
1.14703,0.028623,0.5,-0.136734
1.14855,0.005008,0.5,-0.13727
1.15013,0.005008,0.5,-0.137847
1.15155,0.005008,0.5,-0.138469
1.15313,0.005008,0.5,-0.139068
1.15455,0.005008,0.5,-0.139615
1.15617,0.005008,0.5,-0.140094
1.15755,0.005008,0.5,-0.14069
1.1596,0.317006,0.5,-0.141234
1.16015,0.02351,0.5,-0.141234
1.16213,0.004942,0.5,-0.142068
1.16314,0.008918,0.5,-0.142664
1.16513,0.005528,0.5,-0.143018
1.16655,0.006719,0.5,-0.143397
1.16813,0.013819,0.5,-0.143788
1.16915,0.000506,0.5,-0.14413
1.17104,0.000506,0.5,-0.144375
1.17256,0.002676,0.5,-0.14481
1.17414,0.002676,0.5,-0.145072
1.17556,0.002676,0.5,-0.145432
1.17714,0.002676,0.5,-0.14584
1.17815,0.007345,0.5,-0.146117
1.17959,0.006123,0.5,-0.146319
1.18114,0.006123,0.5,-0.146642
1.18256,0.00672,0.5,-0.146951
1.18459,0.005926,0.5,-0.147153
1.18527,0.009217,0.5,-0.147495
1.18704,0.016306,0.5,-0.147597
1.18856,0.004358,0.5,-0.148025
1.19014,0.011943,0.5,-0.148207
1.19115,0.001235,0.5,-0.14849
1.19314,0.01139,0.5,-0.14857
1.19415,0.006182,0.5,-0.148894
1.19559,0.002353,0.5,-0.149082
1.19714,0.002353,0.5,-0.149055
1.19815,0.01187,0.5,-0.149243
1.20014,0.01187,0.5,-0.149241
1.20115,0.019611,0.5,-0.149425
1.20304,0.019611,0.5,-0.149502
1.20456,0.017228,0.5,-0.149607
1.20614,0.017228,0.5,-0.149605
1.20715,0.017668,0.5,-0.149607
1.20959,0.017668,0.5,-0.149716
1.21027,0.017668,0.5,-0.149602
1.2116,0.006147,0.5,-0.149687
1.21314,0.006147,0.5,-0.149673
1.21415,0.01139,0.5,-0.149634
1.21614,0.01139,0.5,-0.149528
1.21715,0.009125,0.5,-0.149485
1.21904,0.009125,0.5,-0.149458
1.22056,0.009125,0.5,-0.149344
1.22214,0.004317,0.5,-0.149365
1.22316,0.004317,0.5,-0.149379
1.22514,0.008952,0.5,-0.14938
1.22615,0.008952,0.5,-0.149316
1.22818,0.008952,0.5,-0.149312
1.22915,0.008952,0.5,-0.149223
1.23114,0.003628,0.5,-0.149242
1.23216,0.003628,0.5,-0.14931
1.23459,0.003628,0.5,-0.149248
1.2362,0.309526,0.5,-0.149248
1.23714,0.309526,0.5,-0.149248
1.23816,0.013389,0.5,-0.149267
1.23916,0.013389,0.5,-0.149282
1.24115,0.013389,0.5,-0.149238
1.24216,0.013389,0.5,-0.149323
1.24315,0.013389,0.5,-0.149275
1.24515,0.009389,0.5,-0.149331
1.24616,0.009389,0.5,-0.149367
1.24815,0.000351,0.5,-0.149379
1.24957,0.003589,0.5,-0.149368
1.25028,0.012393,0.5,-0.14933
1.25158,0.012393,0.5,-0.149383
1.25315,0.002935,0.5,-0.149356
1.25416,0.000951,0.5,-0.149338
1.25615,0.004915,0.5,-0.149354
1.25716,