0.00103516,0.63117,0,0
0.00197528,0.63117,0,-0.631207
0.0034294,0.006757,0,-3.1e-05
0.00497173,0.006757,0,-3.1e-05
0.00639486,0.001689,0,-0.000103
0.00797685,0.009272,0,-0.000112
0.00939187,0.004701,0,-0.000105
0.0113905,0.007288,0,-6.1e-05
0.012428,0.003779,0,-5.6e-05
0.0139769,0.000833,0,-4e-06
0.0149868,0.000833,0,-0.000156
0.0169804,0.005921,0,-3.3e-05
0.0179894,0.005921,0,-9.3e-05
0.0200124,0.007,0,-4.8e-05
0.0213972,0.007,0,-0.000108
0.0229772,0.003793,0,-6.8e-05
0.0243967,0.000778,0,-3.7e-05
0.0259787,0.001653,0,1.1e-05
0.0269894,0.008417,0,-8.2e-05
0.028977,0.003737,0,2e-05
0.0303996,0.003737,0,-2.1e-05
0.0319786,0.003737,0,-6.3e-05
0.0329889,0.004536,0,-8.2e-05
0.0343997,0.004536,0,-6.4e-05
0.0364287,0.004536,0,-0.000106
0.0374339,0.004102,0,-3.2e-05
0.0389803,0.005872,0,-3.9e-05
0.0403994,0.005872,0,-8.8e-05
0.0419807,0.005872,0,-5.1e-05
0.0434009,0.005893,0,-6.6e-05
0.0449826,0.004661,0,-9.3e-05
0.0464009,0.004661,0,-9.4e-05
0.0479812,0.004661,0,-9.8e-05
0.0494,0.013062,0,-5e-06
0.0508852,0.001592,0,-8.5e-05
0.0524027,0.01028,0,-7e-05
0.0539826,0.004224,0,-9.8e-05
0.0554017,0.003811,0,-9.3e-05
0.0569814,0.000422,0,-0.000105
0.0584035,0.003738,0,-0.00011
0.0599869,0.004996,0,3e-06
0.0614028,0.004996,0,-3.4e-05
0.0634463,0.631131,0,-6.6e-05
0.0639945,0.631131,0,-6.6e-05
0.0654028,0.001256,0,-7.4e-05
0.0668859,0.001256,0,-0.00012
0.0684084,0.004411,0,-2.9e-05
0.069985,0.001681,0,-8.9e-05
0.0714045,0.005886,0,-7.3e-05
0.072984,0.00838,0,-6.3e-05
0.0744055,0.00838,0,-0.000119
0.0754158,0.006825,0,-8e-06
0.0774104,0.006825,0,-0.000155
0.0789852,0.00377,0,-8.9e-05
0.0804059,0.00377,0,-4.9e-05
0.081987,0.000749,0,-4.5e-05
0.0829969,0.000749,0,-5.4e-05
0.0849863,0.000749,0,-7.9e-05
0.0864077,0.000749,0,-4.9e-05
0.0884679,0.63115,0,1.4e-05
0.0894072,0.63115,0,-0.631207
0.0908836,0.000745,0,-0.000104
0.0924086,0.005069,0,-6.2e-05
0.0939933,0.005069,0,-4.6e-05
0.0954092,0.002961,0,-0.000113
0.0969886,0.005342,0,-4.3e-05
0.0984109,0.000716,0,-0.000108
0.100025,0.001176,0,-5.7e-05
0.101001,0.00372,0,-8e-06
0.102996,0.004694,0,-0.000145
0.104411,0.004694,0,-7e-05
0.105992,0.003732,0,-7.1e-05
0.107411,0.006541,0,-9.7e-05
0.10899,0.001894,0,-2.1e-05
0.110412,0.002821,0,-4.2e-05
0.111994,0.003294,0,-0.000107
0.113999,0.631133,0,-5.2e-05
0.114894,0.009004,0,-5.2e-05
0.116412,0.010079,0,-8.2e-05
0.117994,0.010079,0,-6.9e-05
0.119415,0.002431,0,-4.3e-05
0.120993,0.00258,0,-1.6e-05
0.122415,0.00258,0,-0.000115
0.123994,0.00258,0,-7.4e-05
0.125413,0.005832,0,-4.6e-05
0.126995,0.004225,0,-4.7e-05
0.128005,0.004143,0,-0.000102
0.129005,0.00331,0,-5.1e-05
0.130897,0.00331,0,-8e-05
0.132414,0.001214,0,-0.000128
0.133996,0.004809,0,-0.00011
0.135416,0.001488,0,-4.8e-05
0.136997,0.001681,0,-5e-05
0.138417,0.004985,0,-5.6e-05
0.140031,0.004985,0,5.2e-05
0.141416,0.006693,0,-1.1e-05
0.142996,0.007466,0,-2e-05
0.144418,0.004248,0,-5.1e-05
0.145997,0.004465,0,-8.1e-05
0.147452,0.003836,0,-2.9e-05
0.148997,0.005337,0,-5.7e-05
0.150418,0.005337,0,-4.4e-05
0.151998,0.001195,0,-5.8e-05
0.153418,0.001195,0,-6.8e-05
0.154894,0.001195,0,-6.9e-05
0.156418,0.001195,0,-4.3e-05
0.157999,0.001195,0,-4.2e-05
0.159417,0.008386,0,-0.000162
0.160998,0.008386,0,-9.3e-05
0.162421,0.003654,0,-4.7e-05
0.164035,0.00036,0,-8.7e-05
0.165453,0.00036,0,-3.1e-05
0.167,0.0016,0,0.000101
0.168421,0.0016,0,-0.000121
0.170004,0.000724,0,-3.1e-05
0.171421,7.5e-05,0,-8.1e-05
0.173,0.00694,0,-4.1e-05
0.174422,0.000765,0,-6.4e-05
0.176001,0.000789,0,-6.3e-05
0.177013,0.000789,0,6e-06
0.178906,0.003771,0,-5.7e-05
0.180422,0.003771,0,-0.000177
0.182003,0.003771,0,-7.6e-05
0.183423,0.006576,0,-0.000108
0.185002,0.006576,0,-0.000112
0.186424,0.003747,0,-0.000134
0.187438,0.003747,0,-4.5e-05
0.189423,0.006566,0,-8.5e-05
0.191484,0.631159,0,-6.4e-05
0.192427,0.631159,0.5,15258.4
0.19401,0.008385,0.5,-5.4e-05
0.196008,0.688507,0.5,-7e-05
0.197467,0.630089,0.5,-7e-05
0.199005,0.081916,0.5,-7e-05
0.200016,0.05283,0.5,-0.003703
0.202006,0.03444,0.5,-0.004694
0.203017,0.017079,0.5,-0.00645
0.205006,0.017079,0.5,-0.007594
0.206018,0.012547,0.5,-0.008757
0.208006,0.000506,0.5,-0.00951
0.209426,0.031544,0.5,-0.010759
0.21091,0.031544,0.5,-0.01167
0.21243,0.01114,0.5,-0.012329
0.214008,0.019037,0.5,-0.013167
0.215018,0.037387,0.5,-0.013891
0.217487,0.004861,0.5,-0.014405
0.218942,0.615486,0.5,-0.586038
0.219439,0.03701,0.5,-0.586038
0.221432,0.003889,0.5,-0.016267
0.223009,0.003889,0.5,-0.016756
0.225007,0.032074,0.5,-0.017278
0.226912,0.032074,0.5,-0.017852
0.228429,0.032074,0.5,-0.018535
0.230013,0.032074,0.5,-0.018984
0.232009,0.009162,0.5,-0.019437
0.23401,0.022002,0.5,-0.0202
0.23601,0.024606,0.5,-0.020807
0.238011,0.010661,0.5,-0.021334
0.240011,0.041515,0.5,-0.021801
0.241022,0.041515,0.5,-0.022316
0.242913,0.041515,0.5,-0.022569
0.244432,0.041515,0.5,-0.022794
0.246013,0.041515,0.5,-0.023146
0.247492,0.002908,0.5,-0.023297
0.248468,0.032644,0.5,-0.023553
0.250013,0.009477,0.5,-0.023716
0.251024,0.009276,0.5,-0.024003
0.252432,0.01102,0.5,-0.02412
0.254015,0.007984,0.5,-0.024361
0.255024,0.007984,0.5,-0.024505
0.257013,0.007984,0.5,-0.024648
0.258026,0.017814,0.5,-0.024893
0.259445,0.005416,0.5,-0.025076
0.261435,0.012729,0.5,-0.025344
0.263015,0.005173,0.5,-0.025549
0.26403,0.005173,0.5,-0.025712
0.266016,0.005173,0.5,-0.02589
0.267027,0.001803,0.5,-0.026161
0.269014,0.006316,0.5,-0.026359
0.270028,0.0028,0.5,-0.026546
0.272015,0.000713,0.5,-0.026666
0.273031,0.007036,0.5,-0.026795
0.274918,0.006987,0.5,-0.026952
0.276436,0.004323,0.5,-0.027057
0.278018,0.015689,0.5,-0.027182
0.279028,0.015689,0.5,-0.027176
0.281016,0.005964,0.5,-0.027246
0.282053,0.006002,0.5,-0.027336
0.283438,0.004372,0.5,-0.027271
0.285017,0.012754,0.5,-0.027275
0.286032,0.005208,0.5,-0.02726
0.288018,0.006915,0.5,-0.027293
0.289438,0.012076,0.5,-0.027263
0.29092,0.003467,0.5,-0.027151
0.292438,0.006823,0.5,-0.027074
0.294021,0.006823,0.5,-0.027201
0.296019,0.006823,0.5,-0.027024
0.297498,0.011475,0.5,-0.027095
0.298479,0.012394,0.5,-0.027046
0.300019,0.012394,0.5,-0.027027
0.302021,0.012394,0.5,-0.027003
0.304021,0.012394,0.5,-0.026989
0.306021,0.008084,0.5,-0.026997
0.308056,0.008084,0.5,-0.026945
0.309033,0.008084,0.5,-0.026951
0.311021,0.000237,0.5,-0.026996
0.313021,0.020417,0.5,-0.026966
0.31492,0.003753,0.5,-0.027103
0.316445,0.003753,0.5,-0.027061
0.318023,0.014349,0.5,-0.027021
0.320023,0.014314,0.5,-0.027049
0.322023,0.014314,0.5,-0.027092
0.324061,0.014314,0.5,-0.027132
0.325035,0.014314,0.5,-0.027073
0.327059,0.014314,0.5,-0.027101
0.328035,0.010834,0.5,-0.027021
0.330024,0.009406,0.5,-0.027124
0.332024,0.009406,0.5,-0.027094
0.334027,0.012904,0.5,-0.027097
0.335446,0.009373,0.5,-0.027026
0.337025,0.002371,0.5,-0.026977
0.338446,0.002371,0.5,-0.027038
0.339457,0.005846,0.5,-0.026979
0.341448,0.003305,0.5,-0.027048
0.343029,0.014837,0.5,-0.027023
0.344446,0.014837,0.5,-0.026991
0.346025,0.00835,0.5,-0.027084
0.347447,0.003332,0.5,-0.026972
0.349026,0.005844,0.5,-0.026965
0.35103,0.005844,0.5,-0.027069
0.352039,0.005844,0.5,-0.02706
0.354491,0.005844,0.5,-0.02707
0.355483,0.005844,0.5,-0.027088
0.357029,0.005844,0.5,-0.027026
0.35903,0.007881,0.5,-0.027095
0.361027,0.000854,0.5,-0.026988
0.362926,0.000854,0.5,-0.027043
0.364449,0.000854,0.5,-0.027046
0.36603,0.009726,0.5,-0.027047
0.368029,0.008019,0.5,-0.026967
0.370028,0.008019,0.5,-0.027035
0.370928,0.002796,0.5,-0.026991
0.373031,0.004556,0.5,-0.026989
0.375031,0.018542,0.5,-0.02707
0.377032,0.018542,0.5,-0.027037
0.378928,0.0133,0.5,-0.027026
0.380451,0.001912,0.5,-0.027079
0.382033,0.013484,0.5,-0.027069
0.384535,0.009673,0.5,-0.027125
0.385182,0.018535,0.5,-0.027081
0.386954,0.01423,0.5,-0.027071
0.388473,0.015032,0.5,-0.027085
0.390054,0.013454,0.5,-0.027075
0.392052,0.013454,0.5,-0.027039
0.393063,0.013454,0.5,-0.027044
0.394935,0.013454,0.5,-0.026964
0.396454,0.013454,0.5,-0.026985
0.398036,0.000244,0.5,-0.027007
0.400035,0.002996,0.5,-0.02699
0.401049,0.002996,0.5,-0.027019
0.402938,0.002996,0.5,-0.027067
0.404047,0.000397,0.5,-0.027051
0.406036,0.000397,0.5,-0.026972
0.408035,0.025053,0.5,-0.026972
0.410038,0.025053,0.5,-0.027042
0.412098,0.025053,0.5,-0.026976
0.413072,0.013756,0.5,-0.026979
0.415037,0.0032,0.5,-0.027032
0.416073,0.003226,0.5,-0.027024
0.41804,0.014031,0.5,-0.027074
0.420073,0.014031,0.5,-0.027057
0.422039,0.003271,0.5,-0.026935
0.424038,0.011086,0.5,-0.027061
0.426039,0.011086,0.5,-0.026996
0.427458,0.011086,0.5,-0.02699
0.428494,0.011086,0.5,-0.027012
0.430043,0.011086,0.5,-0.027026
0.432039,0.011086,0.5,-0.026999
0.434041,0.004267,0.5,-0.02694
0.436075,0.004267,0.5,-0.027036
0.438039,0.004267,0.5,-0.026987
0.44004,0.010239,0.5,-0.027053
0.442044,0.010239,0.5,-0.027036
0.444077,0.002511,0.5,-0.027042
0.446042,0.002511,0.5,-0.026938
0.448042,0.002511,0.5,-0.027104
0.450044,0.010417,0.5,-0.02703
0.452075,0.010417,0.5,-0.026991
0.454044,0.010417,0.5,-0.026976
0.45604,0.003521,0.5,-0.027056
0.457076,0.003521,0.5,-0.027013
0.45894,0.003521,0.5,-0.026936
0.460463,0.003521,0.5,-0.027016
0.462045,0.005217,0.5,-0.026994
0.464044,0.005217,0.5,-0.026968
0.466046,0.005217,0.5,-0.02703
0.46808,0.005217,0.5,-0.026966
0.470045,0.02634,0.5,-0.027038
0.472048,0.02634,0.5,-0.02699
0.474046,4.7e-05,0.5,-0.027015
0.476081,0.019361,0.5,-0.027038
0.477084,0.008786,0.5,-0.02701
0.479046,0.000867,0.5,-0.027043
0.481046,0.000867,0.5,-0.027008
0.482949,0.000867,0.5,-0.027024
0.484467,0.009916,0.5,-0.027015
0.486049,0.000104,0.5,-0.027037
0.488048,0.000104,0.5,-0.027006
0.490049,0.000104,0.5,-0.027075
0.491468,0.000104,0.5,-0.027024
0.492504,0.01938,0.5,-0.027028
0.494049,0.01938,0.5,-0.027044
0.496048,0.01938,0.5,-0.026946
0.49805,0.003662,0.5,-0.027069
0.499531,0.005525,0.5,-0.027069
0.500561,0.60415,0.5,-0.027101
0.501471,0.008981,0.5,7628.37
0.50309,0.008981,0.5,-0.026933
0.50505,0.008981,0.5,-0.026955
0.506953,0.636607,0.5,-0.027001
0.509057,0.603135,0.5,-0.027001
0.510051,0.13546,0.5,-0.027001
0.512049,0.040095,0.5,-0.029871
0.514053,0.050119,0.5,-0.031535
0.516087,0.022647,0.5,-0.032877
0.518053,0.025929,0.5,-0.033993
0.520052,0.009298,0.5,-0.035134
0.522051,0.004527,0.5,-0.036115
0.524091,0.032115,0.5,-0.037058
0.526054,0.016528,0.5,-0.037842
0.528053,0.00174,0.5,-0.038744
0.530052,0.012297,0.5,-0.039453
0.532092,0.012297,0.5,-0.04024
0.534055,0.012297,0.5,-0.040875
0.536509,0.023017,0.5,-0.041721
0.537509,0.009725,0.5,-0.042555
0.538952,0.040793,0.5,-0.04307
0.540478,0.009515,0.5,-0.043513
0.542057,0.009515,0.5,-0.04397
0.54406,0.056751,0.5,-0.044573
0.546057,0.00379,0.5,-0.045118
0.548092,0.00379,0.5,-0.045472
0.550058,0.02877,0.5,-0.045878
0.552057,0.021717,0.5,-0.046237
0.554055,0.001127,0.5,-0.046455
0.556094,0.012906,0.5,-0.046618
0.558061,0.01286,0.5,-0.046896
0.56006,0.01286,0.5,-0.047014
0.562056,0.01286,0.5,-0.047096
0.564095,0.01286,0.5,-0.047198
0.566062,0.022218,0.5,-0.047137
0.567515,0.022231,0.5,-0.047215
0.568515,0.022231,0.5,-0.047257
0.570061,0.022231,0.5,-0.04723
0.572096,0.026799,0.5,-0.047233
0.574063,0.026799,0.5,-0.047071
0.576061,0.010562,0.5,-0.047001
0.578058,0.015016,0.5,-0.046928
0.580097,0.015016,0.5,-0.046814
0.582065,0.010518,0.5,-0.046779
0.584062,0.010518,0.5,-0.04671
0.585482,0.022039,0.5,-0.046721
0.586959,0.016791,0.5,-0.046669
0.588485,0.03133,0.5,-0.046589
0.590064,0.03133,0.5,-0.046613
0.591485,0.040142,0.5,-0.046462
0.593063,0.040142,0.5,-0.046533
0.594484,0.033289,0.5,-0.046439
0.595495,0.019342,0.5,-0.046287
0.5971,0.043839,0.5,-0.046362
0.598485,0.019309,0.5,-0.046301
0.600065,0.019309,0.5,-0.046145
0.601485,0.02776,0.5,-0.046208
0.602962,0.02776,0.5,-0.046094
0.604485,0.02776,0.5,-0.046104
0.606067,0.02776,0.5,-0.046012
0.607486,0.01884,0.5,-0.045982
0.609068,0.01884,0.5,-0.04591
0.610487,0.001128,0.5,-0.046008
0.611497,0.001167,0.5,-0.045856
0.613064,0.001167,0.5,-0.04582
0.614488,0.039075,0.5,-0.045922
0.616068,0.039075,0.5,-0.04591
0.617489,0.039075,0.5,-0.045915
0.618964,0.039075,0.5,-0.045888
0.620487,0.019633,0.5,-0.045862
0.622104,0.031641,0.5,-0.0459
0.62349,0.012255,0.5,-0.045847
0.625069,0.012255,0.5,-0.045764
0.626489,0.012255,0.5,-0.045886
0.6275,0.001083,0.5,-0.045832
0.629066,0.001083,0.5,-0.045921
0.63049,0.032703,0.5,-0.045868
0.632072,0.032703,0.5,-0.045869
0.633489,0.019653,0.5,-0.045972
0.634966,0.019653,0.5,-0.045916
0.636489,0.010418,0.5,-0.045992
0.638071,0.001171,0.5,-0.045969
0.639488,0.01432,0.5,-0.045908
0.641068,0.01432,0.5,-0.045988
0.642494,0.01432,0.5,-0.045908
0.6435,0.01432,0.5,-0.045852
0.645068,0.01432,0.5,-0.045933
0.646528,0.005784,0.5,-0.04588
0.648069,0.018893,0.5,-0.045936
0.649489,0.018893,0.5,-0.045874
0.650971,0.006672,0.5,-0.045871
0.65249,0.006672,0.5,-0.045936
0.654074,0.008511,0.5,-0.04597
0.65549,0.008511,0.5,-0.045924
0.657074,0.049512,0.5,-0.045904
0.658494,0.049512,0.5,-0.045839
0.659505,0.001162,0.5,-0.045905
0.661073,0.01044,0.5,-0.045876
0.662495,0.018837,0.5,-0.045891
0.664074,0.018837,0.5,-0.045872
0.665496,0.023632,0.5,-0.045855
0.666971,0.023632,0.5,-0.045908
0.668496,0.01313,0.5,-0.045834
0.670076,0.01313,0.5,-0.045857
0.672081,0.585302,0.5,-0.045905
0.673075,0.585302,0.5,-0.631207
0.674497,0.032617,0.5,-0.045908
0.675507,0.026233,0.5,-0.045853
0.677496,0.032688,0.5,-0.0459
0.679077,0.032688,0.5,-0.045898
0.680498,0.019705,0.5,-0.045787
0.682078,0.019705,0.5,-0.045868
0.683497,0.034447,0.5,-0.045922
0.685079,0.034447,0.5,-0.045794
0.686499,0.008485,0.5,-0.045906
0.688079,0.008485,0.5,-0.04595
0.689498,0.03208,0.5,-0.045922
0.69098,0.001131,0.5,-0.045856
0.692498,0.026268,0.5,-0.0459
0.69408,0.026268,0.5,-0.04596
0.695499,0.016899,0.5,-0.045906
0.697079,0.016899,0.5,-0.045894
0.69893,0.585235,0.5,-0.045917
0.700079,0.016978,0.5,-0.045917
0.7015,0.016978,0.5,-0.045931
0.70308,0.019751,0.5,-0.045876
0.704502,0.019751,0.5,-0.046003
0.706081,0.032784,0.5,-0.045931
0.707536,0.032784,0.5,-0.045925
0.70908,0.005897,0.5,-0.045953
0.710502,0.005897,0.5,-0.045955
0.712081,0.032746,0.5,-0.045911
0.713502,0.032746,0.5,-0.045897
0.714978,0.023528,0.5,-0.045919
0.716501,0.023528,0.5,-0.04595
0.718083,0.023511,0.5,-0.045853
0.719504,0.023511,0.5,-0.045853
0.721083,0.010462,0.5,-0.045902
0.722504,0.010462,0.5,-0.045851
0.724143,0.010462,0.5,-0.045884
0.725118,0.010462,0.5,-0.045901
0.726504,0.00493,0.5,-0.045841
0.728086,0.00493,0.5,-0.045925
0.729504,0.031031,0.5,-0.04595
0.730981,0.031031,0.5,-0.045925
0.732506,0.031031,0.5,-0.045892
0.734086,0.031031,0.5,-0.045869
0.735506,0.031031,0.5,-0.045898
0.737087,0.031031,0.5,-0.04592
0.738506,0.001335,0.5,-0.045836
0.740085,0.010633,0.5,-0.045946
0.741507,0.009748,0.5,-0.045908
0.743086,0.006819,0.5,-0.045885
0.744507,0.006819,0.5,-0.045926
0.746087,0.023657,0.5,-0.045905
0.747507,0.023657,0.5,-0.045938
0.749122,0.023657,0.5,-0.045874
0.750508,0.023657,0.5,-0.045853
0.752087,0.033066,0.5,-0.045926
0.75351,0.033066,0.5,-0.045882
0.75499,0.013486,0.5,-0.045889
0.756508,0.013486,0.5,-0.045938
0.758088,0.028337,0.5,-0.045904
0.759509,0.028337,0.5,-0.04585
0.761089,0.028337,0.5,-0.045935
0.762509,0.009895,0.5,-0.045784
0.764089,0.001523,0.5,-0.045932
0.765509,0.018428,0.5,-0.045918
0.767092,0.018428,0.5,-0.04589
0.76851,0.018428,0.5,-0.045903
0.770093,0.018428,0.5,-0.045912
0.771546,0.018428,0.5,-0.045893
0.77309,0.017369,0.5,-0.045901
0.774547,0.017369,0.5,-0.045988
0.776093,0.001604,0.5,-0.045902
0.777511,0.001604,0.5,-0.045946
0.77899,0.014708,0.5,-0.0459
0.780512,0.008141,0.5,-0.045881
0.782092,0.017387,0.5,-0.045906
0.783513,0.017387,0.5,-0.045765
0.785092,0.004413,0.5,-0.045869
0.786513,0.004413,0.5,-0.04582
0.788515,0.004413,0.5,-0.04581
0.790095,0.004413,0.5,-0.04586
0.791513,0.00815,0.5,-0.045827
0.793094,0.00815,0.5,-0.045839
0.794515,0.00815,0.5,-0.045761
0.795526,0.00815,0.5,-0.045816
0.797514,0.001667,0.5,-0.045853
0.799095,0.005582,0.5,-0.045826
0.80055,0.008211,0.5,-0.045874
0.802096,0.005563,0.5,-0.045825
0.803551,0.006381,0.5,-0.045896
0.805097,0.006381,0.5,-0.045843
0.806517,0.006381,0.5,-0.045874
0.808096,0.006381,0.5,-0.045908
0.809518,0.013797,0.5,-0.045883
0.810993,0.018495,0.5,-0.045858
0.812516,0.00181,0.5,-0.045845
0.814098,0.00181,0.5,-0.045894
0.815517,0.00181,0.5,-0.045896
0.817097,0.00181,0.5,-0.045958
0.818519,0.00831,0.5,-0.045848
0.820518,0.008315,0.5,-0.045735
0.822099,1.2e-05,0.5,-0.045862
0.823519,0.005586,0.5,-0.045814
0.825099,0.005586,0.5,-0.04589
0.826939,0.00376,0.5,-0.045852
0.828135,0.01121,0.5,-0.045839
0.829134,0.026893,0.5,-0.045943
0.830519,0.026968,0.5,-0.045818
0.832101,0.026968,0.5,-0.045875
0.833519,0.006529,0.5,-0.045819
0.835001,0.006529,0.5,-0.045843
0.836519,0.00101,0.5,-0.045805
0.838101,0.00101,0.5,-0.045849
0.839522,0.001934,0.5,-0.045831
0.841098,0.001934,0.5,-0.045858
0.842525,0.013984,0.5,-0.045879
0.844134,0.011246,0.5,-0.045869
0.845518,0.002008,0.5,-0.045914
0.847101,0.015312,0.5,-0.045817
0.848522,0.015312,0.5,-0.045892
0.850102,0.02239,0.5,-0.045856
0.852161,0.004805,0.5,-0.04582
0.8531,0.004805,0.5,-0.04582
0.854525,0.004805,0.5,-0.045843
0.856099,0.017742,0.5,-0.045801
0.857522,0.027992,0.5,-0.045854
0.859,0.027992,0.5,-0.045846
0.860521,0.003905,0.5,-0.045879
0.862104,0.003905,0.5,-0.045805
0.863525,0.003905,0.5,-0.04585
0.865104,0.028161,0.5,-0.045819
0.866526,0.00206,0.5,-0.045897
0.868139,0.00206,0.5,-0.045832
0.869525,0.00206,0.5,-0.045939
0.871106,0.00206,0.5,-0.045891
0.872526,0.00206,0.5,-0.045781
0.874106,0.00206,0.5,-0.045824
0.875527,0.00206,0.5,-0.045857
0.877585,0.002137,0.5,-0.045829
0.878562,0.002137,0.5,-0.045832
0.880107,0.002137,0.5,-0.045821
0.881527,0.014147,0.5,-0.045816
0.883011,0.023422,0.5,-0.045812
0.884529,0.033615,0.5,-0.045817
0.886107,0.027164,0.5,-0.045812
0.887528,0.020702,0.5,-0.045837
0.889107,0.020775,0.5,-0.045877
0.890529,0.020761,0.5,-0.045844
0.892108,0.020754,0.5,-0.045788
0.893531,0.016112,0.5,-0.045803
0.895109,0.042358,0.5,-0.045793
0.896529,0.020795,0.5,-0.045899
0.898109,0.022747,0.5,-0.045787
0.899567,0.011549,0.5,-0.045868
0.901109,0.024605,0.5,-0.045832
0.902531,0.024605,0.5,-0.045871
0.904145,0.024605,0.5,-0.045845
0.905531,0.024605,0.5,-0.045881
0.907007,0.030228,0.5,-0.045809
0.908533,0.030228,0.5,-0.04584
0.910112,0.030228,0.5,-0.045876
0.911532,0.030228,0.5,-0.045786
0.913112,0.030228,0.5,-0.045845
0.914533,0.030228,0.5,-0.045818
0.916147,0.014704,0.5,-0.045848
0.917534,0.020884,0.5,-0.045787
0.919114,0.025506,0.5,-0.045759
0.920533,0.036522,0.5,-0.045795
0.922113,0.03374,0.5,-0.045849
0.923533,0.020762,0.5,-0.045773
0.925112,0.018028,0.5,-0.045826
0.926535,0.018028,0.5,-0.045824
0.928115,0.002374,0.5,-0.045815
0.929568,0.011668,0.5,-0.045813
0.931017,0.011668,0.5,-0.045881
0.932534,0.011668,0.5,-0.045814
0.934117,0.011668,0.5,-0.045826
0.935535,0.011668,0.5,-0.045851
0.937115,0.011668,0.5,-0.045858
0.938536,0.029182,0.5,-0.045877
0.940115,0.022803,0.5,-0.045837
0.941537,0.014425,0.5,-0.045807
0.943116,0.024624,0.5,-0.045846
0.944538,0.02544,0.5,-0.045775
0.946117,0.02544,0.5,-0.045827
0.947572,0.02544,0.5,-0.045847
0.949116,0.02544,0.5,-0.045749
0.95054,0.02544,0.5,-0.045815
0.952117,0.002422,0.5,-0.045858
0.953538,0.002422,0.5,-0.045804
0.955545,0.585403,0.5,-0.045732
0.956538,0.585403,0.5,-0.045732
0.958119,0.585403,0.5,-0.045799
0.959541,0.585403,0.5,-0.045794
0.96112,0.024581,0.5,-0.045804
0.96254,0.033986,0.5,-0.04579
0.964155,0.021003,0.5,-0.045908
0.96554,0.025675,0.5,-0.045859
0.967119,0.025702,0.5,-0.045798
0.96854,0.021084,0.5,-0.045815
0.97012,0.038774,0.5,-0.045922
0.971541,0.024913,0.5,-0.045847
0.97312,0.011797,0.5,-0.045832
0.974541,0.015654,0.5,-0.045811
0.976122,0.005362,0.5,-0.045894
0.977541,0.002661,0.5,-0.045858
0.979023,0.004538,0.5,-0.045781
0.980541,0.004538,0.5,-0.045831
0.982158,0.010005,0.5,-0.045776
0.983542,0.010005,0.5,-0.045794
0.985122,0.010005,0.5,-0.045758
0.986544,0.010005,0.5,-0.045805
0.988121,0.010005,0.5,-0.045811
0.989541,0.010005,0.5,-0.04575
0.991145,0.010005,0.5,-0.04575
0.99258,0.010005,0.5,-0.045809
0.99418,0.010005,0.5,-0.04581
0.995621,0.010005,0.5,-0.045784
0.997143,0.010005,0.5,-0.045791
0.998573,0.010005,0.5,-0.045852
1.00015,0.004483,0.5,-0.045834
1.00156,0.001749,0.5,-0.045856
1.00302,0.039879,0.5,-0.045862
1.00454,0.060121,0.5,-0.045853
1.00613,0.021183,0.5,-0.045863
1.0076,0.021183,0.5,-0.045831
1.00915,0.034098,0.5,-0.0458
1.01057,0.020303,0.5,-0.045786
1.01218,0.011956,0.5,-0.045825
1.01357,0.001789,0.5,-0.045793
1.01514,0.001789,0.5,-0.045761
1.01654,0.001789,0.5,-0.045849
1.01812,0.001789,0.5,-0.045773
1.01954,0.001789,0.5,-0.045907
1.02112,0.001789,0.5,-0.045777
1.02254,0.001789,0.5,-0.045854
1.02412,0.001789,0.5,-0.045886
1.02554,0.001789,0.5,-0.045796
1.02703,0.001789,0.5,-0.04581
1.02854,0.001789,0.5,-0.045794
1.03013,0.001789,0.5,-0.045877
1.03155,0.001789,0.5,-0.04588
1.03316,0.001789,0.5,-0.045845
1.03455,0.001789,0.5,-0.045825
1.03613,0.010319,0.5,-0.045878
1.03755,0.014931,0.5,-0.045806
1.03913,0.012226,0.5,-0.045775
1.04055,0.023359,0.5,-0.04578
1.04213,0.023359,0.5,-0.045794
1.04358,0.021374,0.5,-0.045744
1.04513,0.01498,0.5,-0.04581
1.04656,0.013119,0.5,-0.045764
1.04813,0.028005,0.5,-0.045776
1.04955,0.003895,0.5,-0.045796
1.05102,0.023309,0.5,-0.045711
1.05255,0.003002,0.5,-0.045734
1.05413,0.00301,0.5,-0.045858
1.05514,0.00301,0.5,-0.045929
1.05713,0.00301,0.5,-0.045831
1.05859,0.002228,0.5,-0.045786
1.06013,0.009612,0.5,-0.045882
1.06155,0.009612,0.5,-0.045801
1.06313,0.015205,0.5,-0.045786
1.06455,0.015205,0.5,-0.045806
1.06613,0.003139,0.5,-0.04577
1.06813,0.003139,0.5,-0.045827
1.07013,0.003109,0.5,-0.045744
1.07213,0.003109,0.5,-0.045716
1.07413,0.016989,0.5,-0.045799
1.07556,0.021625,0.5,-0.045746
1.07755,0.021625,0.5,-0.045766
1.07913,0.021625,0.5,-0.04578
1.08113,0.016187,0.5,-0.045831
1.08303,0.006815,0.5,-0.045788
1.08456,0.006815,0.5,-0.045799
1.08614,0.006815,0.5,-0.045828
1.08759,0.001383,0.5,-0.045786
1.08914,0.001383,0.5,-0.045755
1.09104,0.001383,0.5,-0.045788
1.09256,0.001383,0.5,-0.045794
1.09414,0.009695,0.5,-0.045824
1.09614,0.00779,0.5,-0.045743
1.09814,0.00779,0.5,-0.045716
1.10014,0.00779,0.5,-0.045784
1.10156,0.012482,0.5,-0.045764
1.10314,0.036632,0.5,-0.045802
1.10456,0.023603,0.5,-0.045873
1.10614,0.00778,0.5,-0.045883
1.10715,0.00778,0.5,-0.045825
1.10856,0.012418,0.5,-0.045793
1.11014,0.026248,0.5,-0.045798
1.11156,0.034586,0.5,-0.045866
1.11314,0.008731,0.5,-0.045738
1.11498,0.023668,0.5,-0.045749
1.11614,0.028159,0.5,-0.045788
1.11715,0.025263,0.5,-0.045764
1.11914,0.018881,0.5,-0.045793
1.12056,0.012419,0.5,-0.045805
1.12214,0.012419,0.5,-0.04583
1.1236,0.012419,0.5,-0.045777
1.12514,0.012419,0.5,-0.045859
1.12714,0.012323,0.5,-0.045744
1.12856,0.019759,0.5,-0.045768
1.13014,0.019697,0.5,-0.045795
1.13156,0.029624,0.5,-0.045713
1.13314,0.025292,0.5,-0.045773
1.13514,0.006868,0.5,-0.045797
1.13714,0.021571,0.5,-0.045769
1.13815,0.040898,0.5,-0.04577
1.13956,0.040898,0.5,-0.045743
1.14114,0.040898,0.5,-0.045792
1.14318,0.040898,0.5,-0.045761
1.14514,0.040898,0.5,-0.0458
1.14704,0.040898,0.5,-0.045867
1.14816,0.00308,0.5,-0.04581
1.15015,0.00308,0.5,-0.045831
1.15215,0.00308,0.5,-0.045864
1.15415,0.001277,0.5,-0.045779
1.15518,0.001277,0.5,-0.045778
1.1566,0.02526,0.5,-0.045832
1.15815,0.007828,0.5,-0.045765
1.16015,0.007828,0.5,-0.045798
1.16215,0.012434,0.5,-0.045762
1.16357,0.009635,0.5,-0.045763
1.16515,0.009635,0.5,-0.045741
1.16616,0.009635,0.5,-0.045766
1.16815,0.009635,0.5,-0.045713
1.17015,0.028073,0.5,-0.045746
1.17221,0.585449,0.5,-0.045819
1.17315,0.585449,0.5,15258.4
1.17419,0.003186,0.5,-0.045726
1.17615,0.003186,0.5,-0.045773
1.17815,0.003186,0.5,-0.04581
1.18015,0.642402,0.5,-0.045735
1.18215,0.584362,0.5,-0.045735
1.18315,0.14827,0.5,-0.045735
1.18515,0.034643,0.5,-0.048785
1.18705,0.061692,0.5,-0.050581
1.18816,0.056661,0.5,-0.05174
1.19015,0.028888,0.5,-0.052733
1.19215,0.009427,0.5,-0.053745
1.19415,0.051145,0.5,-0.054902
1.19621,0.027886,0.5,-0.055894
1.19719,0.027886,0.5,-0.056583
1.19915,0.042523,0.5,-0.057356
1.20119,0.002176,0.5,-0.058231
1.20305,0.022227,0.5,-0.059224
1.20417,0.022227,0.5,-0.059911
1.20615,0.001275,0.5,-0.060527
1.20815,0.001275,0.5,-0.061405
1.21015,0.025834,0.5,-0.062434
1.21219,0.039918,0.5,-0.063371
1.21415,0.003105,0.5,-0.06437
1.21615,0.009979,0.5,-0.065216
1.21816,0.000783,0.5,-0.065995
1.22019,0.001166,0.5,-0.066787
1.22215,0.006559,0.5,-0.067535
1.22416,0.006646,0.5,-0.068326
1.22616,0.002661,0.5,-0.06902
1.22819,0.002045,0.5,-0.069656
1.23015,0.010748,0.5,-0.070286
1.23216,0.000719,0.5,-0.070835
1.23419,0.000719,0.5,-0.071363
1.23619,0.010379,0.5,-0.071939
1.23816,0.008949,0.5,-0.072371
1.24016,0.007807,0.5,-0.072828
1.24216,0.007807,0.5,-0.073282
1.2442,0.001867,0.5,-0.073701
1.24616,0.016353,0.5,-0.074095
1.24816,0.016353,0.5,-0.07446
1.25016,0.001897,0.5,-0.074627
1.2522,0.003818,0.5,-0.074914
1.25416,0.003818,0.5,-0.074959
1.25616,0.00188,0.5,-0.075195
1.25816,0.014604,0.5,-0.075256
1.26019,0.022782,0.5,-0.075247
1.26119,6.8e-05,0.5,-0.075209
1.2622,6.8e-05,0.5,-0.075198
1.26358,0.014562,0.5,-0.075105
1.26519,0.014562,0.5,-0.075151
1.2662,0.013885,0.5,-0.075132
1.2682,0.002254,0.5,-0.075087
1.27016,0.002254,0.5,-0.074855
1.27216,0.008389,0.5,-0.074811
1.27416,0.014934,0.5,-0.074582
1.2762,0.02008,0.5,-0.074542
1.27816,0.002081,0.5,-0.074452
1.28016,0.004944,0.5,-0.074379
1.28216,0.004944,0.5,-0.074235
1.2842,0.004944,0.5,-0.074263
1.28617,0.004944,0.5,-0.074143
1.28817,0.004944,0.5,-0.074054
1.29016,0.004944,0.5,-0.074096
1.2922,0.004944,0.5,-0.074033
1.29417,0.004944,0.5,-0.074013
1.29617,0.001983,0.5,-0.073989
1.29862,0.001983,0.5,-0.074084
1.29959,0.001983,0.5,-0.074054
1.30117,0.001983,0.5,-0.074154
1.30317,0.004297,0.5,-0.074138
1.30517,0.004297,0.5,-0.074228
1.30707,0.004297,0.5,-0.074211
1.30859,0.009882,0.5,-0.074255
1.31017,0.014538,0.5,-0.074177
1.31217,0.011255,0.5,-0.074231
1.31417,0.011255,0.5,-0.07425
1.31621,0.011255,0.5,-0.074192
1.31759,0.008854,0.5,-0.074213
1.31917,0.008854,0.5,-0.074182
1.32117,0.008854,0.5,-0.074159
1.32307,0.008854,0.5,-0.074178
1.32459,0.004413,0.5,-0.074117
1.32617,0.004413,0.5,-0.07417
1.32765,0.00789,0.5,-0.074149
1.32869,0.557111,0.5,-0.074151
1.32959,0.012376,0.5,22887.4
1.33108,0.015496,0.5,-0.074074
1.33259,0.016933,0.5,-0.074002
1.33417,0.017879,0.5,-0.074136
1.33617,0.017879,0.5,-0.074176
1.33817,0.664698,0.5,-0.074126
1.3396,0.556309,0.5,-0.074126
1.34059,0.22552,0.5,-0.074126
1.34217,0.07568,0.5,-0.076565
1.34417,0.070214,0.5,-0.078025
1.34617,0.025502,0.5,-0.079594
1.34821,0.034386,0.5,-0.080781
1.35017,0.036349,0.5,-0.081903
1.35218,0.036349,0.5,-0.08295
1.35418,0.030041,0.5,-0.08378
1.35621,0.030041,0.5,-0.084634
1.35821,0.028799,0.5,-0.085544
1.36018,0.01301,0.5,-0.086336
1.36217,0.036769,0.5,-0.086932
1.36421,0.024166,0.5,-0.087638
1.36618,0.024166,0.5,-0.088267
1.36818,0.016029,0.5,-0.089059
1.37018,0.008386,0.5,-0.089868
1.3716,0.008386,0.5,-0.090446
1.37318,0.003931,0.5,-0.090887
1.37518,0.018178,0.5,-0.091267
1.37718,0.018178,0.5,-0.09186
1.3786,0.003401,0.5,-0.092277
1.38021,0.003401,0.5,-0.09259
1.38218,0.024309,0.5,-0.092782
1.3836,0.014368,0.5,-0.093147
1.38518,0.047385,0.5,-0.093288
1.3866,0.035124,0.5,-0.093487
1.38818,0.009773,0.5,-0.093662
1.3896,0.009773,0.5,-0.093733
1.39118,0.009773,0.5,-0.0938
1.3926,0.005095,0.5,-0.093876
1.39418,0.005095,0.5,-0.093899
1.39564,0.005095,0.5,-0.093917
1.39718,0.005095,0.5,-0.093954
1.3986,0.005095,0.5,-0.093899
1.40018,0.005095,0.5,-0.093849
1.4016,0.005095,0.5,-0.093846
1.40308,0.005095,0.5,-0.093729
1.4046,0.005095,0.5,-0.093705
1.40618,0.005095,0.5,-0.093703
1.4076,0.005095,0.5,-0.093533
1.40918,0.005095,0.5,-0.093499
1.4106,0.005095,0.5,-0.093508
1.41222,0.005095,0.5,-0.093386
1.41364,0.005095,0.5,-0.09333
1.41518,0.005095,0.5,-0.093237
1.4166,0.005095,0.5,-0.093135
1.41818,0.005095,0.5,-0.093147
1.41961,0.005095,0.5,-0.093093
1.42119,0.005095,0.5,-0.09304
1.42261,0.005095,0.5,-0.092994
1.42419,0.017904,0.5,-0.092942
1.4256,0.020661,0.5,-0.092965
1.42709,0.001217,0.5,-0.092981
1.42861,0.002838,0.5,-0.092858
1.43019,0.0042,0.5,-0.09268
1.43161,0.002779,0.5,-0.09273
1.43319,0.005781,0.5,-0.092633
1.43461,0.005781,0.5,-0.092635
1.43622,0.025607,0.5,-0.092518
1.43761,0.008718,0.5,-0.092558
1.43922,0.008718,0.5,-0.092542
1.44061,0.008718,0.5,-0.092532
1.44219,0.031714,0.5,-0.092474
1.44365,0.039294,0.5,-0.092442
1.44519,0.019218,0.5,-0.092529
1.44661,0.033138,0.5,-0.092532
1.44819,0.033138,0.5,-0.092487
1.44961,0.033138,0.5,-0.092531
1.45109,0.033138,0.5,-0.092581
1.45261,0.033138,0.5,-0.092515
1.45419,0.033138,0.5,-0.092597
1.45561,0.033138,0.5,-0.092648
1.45719,0.033138,0.5,-0.092599
1.45861,0.033138,0.5,-0.092558
1.46023,0.005428,0.5,-0.092592
1.46161,0.005474,0.5,-0.092616
1.46319,0.005474,0.5,-0.092619
1.46465,0.020656,0.5,-0.092648
1.46619,0.009982,0.5,-0.09256
1.46761,0.009982,0.5,-0.092531
1.46919,0.034368,0.5,-0.092568
1.47061,0.019037,0.5,-0.092571
1.47219,0.015831,0.5,-0.09251
1.47361,0.000656,0.5,-0.09255
1.4751,0.000656,0.5,-0.092549
1.47661,0.012771,0.5,-0.092464
1.47819,0.012771,0.5,-0.092557
1.47961,0.012771,0.5,-0.092555
1.48119,0.012771,0.5,-0.092596
1.48261,0.012771,0.5,-0.092565
1.48423,0.005273,0.5,-0.092591
1.48562,0.005273,0.5,-0.092592
1.4872,0.002111,0.5,-0.092548
1.48862,0.000574,0.5,-0.09263
1.49023,0.000574,0.5,-0.092589
1.49165,0.012833,0.5,-0.092497
1.4932,0.032358,0.5,-0.092587
1.49462,0.00213,0.5,-0.092588
1.4962,0.018822,0.5,-0.092536
1.49762,0.02351,0.5,-0.092549
1.49909,0.02351,0.5,-0.092578
1.50062,0.008254,0.5,-0.092417
1.5022,0.008254,0.5,-0.09252
1.50362,0.008254,0.5,-0.092609
1.5052,0.008254,0.5,-0.092568
1.50662,0.008254,0.5,-0.092446
1.5082,0.008254,0.5,-0.092554
1.50962,0.008254,0.5,-0.092575
1.5112,0.008254,0.5,-0.092598
1.51262,0.008254,0.5,-0.092557
1.5142,0.008254,0.5,-0.092603
1.51626,0.538691,0.5,-0.092528
1.5172,0.538691,0.5,15258.4
1.51863,0.005173,0.5,-0.092578
1.5202,0.002108,0.5,-0.092611
1.52162,0.002108,0.5,-0.09257
1.5231,0.002108,0.5,-0.092642
1.52462,0.002108,0.5,-0.092508
1.52662,0.723781,0.5,-0.092545
1.52826,0.53775,0.5,-0.092545
1.5292,0.229581,0.5,-0.092545
1.53062,0.062382,0.5,-0.095097
1.53224,0.077257,0.5,-0.096428
1.53362,0.038408,0.5,-0.097698
1.5352,0.037613,0.5,-0.098684
1.53662,0.016622,0.5,-0.099761
1.5382,0.00471,0.5,-0.100617
1.53966,0.009276,0.5,-0.10161
1.5412,0.010387,0.5,-0.102512
1.54266,0.011214,0.5,-0.103377
1.5442,0.007414,0.5,-0.104117
1.54563,0.009591,0.5,-0.105006
1.5471,0.011833,0.5,-0.105695
1.54862,0.018273,0.5,-0.106421
1.5502,0.010715,0.5,-0.107118
1.55162,0.001,0.5,-0.107863
1.5532,0.001,0.5,-0.10864
1.55462,0.009019,0.5,-0.109425
1.55627,0.022618,0.5,-0.110235
1.55722,0.022618,0.5,-0.110789
1.55863,0.022618,0.5,-0.1116
1.56021,0.022618,0.5,-0.11219
1.56163,0.009732,0.5,-0.112888
1.5631,0.004898,0.5,-0.11351
1.56463,0.000838,0.5,-0.114077
1.56621,0.000661,0.5,-0.114694
1.56766,0.006042,0.5,-0.115271
1.56921,0.010585,0.5,-0.115703
1.57063,0.024338,0.5,-0.116307
1.57227,0.030605,0.5,-0.116627
1.57367,0.513896,0.5,-0.116912
1.57463,0.000513,0.5,-0.116912
1.57621,0.000513,0.5,-0.117527
1.57763,0.000513,0.5,-0.11789
1.57911,0.000513,0.5,-0.118141
1.58063,0.00344,0.5,-0.118379
1.58221,0.00344,0.5,-0.118615
1.58363,0.00344,0.5,-0.118929
1.58521,0.00344,0.5,-0.119069
1.58663,0.004253,0.5,-0.119221
1.58827,0.004253,0.5,-0.119431
1.58967,0.51161,0.5,-0.119401
1.59063,0.041495,0.5,-0.119401
1.59267,0.511499,0.5,-0.119687
1.59363,0.031429,0.5,-0.119687
1.59511,0.03692,0.5,-0.119815
1.59663,0.036929,0.5,-0.119833
1.59821,0.011957,0.5,-0.119874
1.59963,0.034215,0.5,-0.119852
1.60121,0.026767,0.5,-0.119817
1.60263,0.036978,0.5,-0.119797
1.60371,0.027671,0.5,-0.119675
1.60521,0.003591,0.5,-0.119695
1.60663,0.0236,0.5,-0.119654
1.60821,0.022151,0.5,-0.119628
1.60963,0.010239,0.5,-0.11954
1.61111,0.029406,0.5,-0.119424
1.61264,0.016747,0.5,-0.119422
1.61421,0.029251,0.5,-0.119434
1.61563,0.024577,0.5,-0.119247
1.61767,0.511998,0.5,-0.119307
1.61864,0.024545,0.5,38146.4
1.62028,0.024545,0.5,-0.119073
1.62169,0.512072,0.5,-0.119121
1.62264,0.512072,0.5,-0.631207
1.62422,0.512072,0.5,-0.119081
1.62564,0.512072,0.5,-0.119014
1.62712,0.010442,0.5,-0.11903
1.62922,0.714979,0.5,-0.119005
1.63068,0.511165,0.5,-0.119005
1.63164,0.255279,0.5,-0.119005
1.63322,0.061933,0.5,-0.121722
1.63464,0.076424,0.5,-0.123036
1.63625,0.060624,0.5,-0.124278
1.63764,0.020661,0.5,-0.125148
1.63922,0.002314,0.5,-0.126103
1.64064,0.027498,0.5,-0.127069
1.64222,0.027498,0.5,-0.127959
1.64364,0.010609,0.5,-0.128814
1.64522,0.008444,0.5,-0.129656
1.64664,0.027155,0.5,-0.130367
1.64822,0.015776,0.5,-0.130978
1.64964,0.003811,0.5,-0.131599
1.65112,0.002173,0.5,-0.132244
1.65264,0.002173,0.5,-0.132809
1.65422,0.002173,0.5,-0.133515
1.65564,0.002173,0.5,-0.134271
1.65722,0.000809,0.5,-0.135005
1.65864,0.000809,0.5,-0.135693
1.66022,0.013921,0.5,-0.136435
1.66164,0.004209,0.5,-0.137081
1.66322,0.006761,0.5,-0.137771
1.66464,0.00061,0.5,-0.138465
1.66622,0.000949,0.5,-0.139036
1.66768,0.004689,0.5,-0.139746
1.66926,0.001494,0.5,-0.140303
1.67064,0.006677,0.5,-0.140937
1.67223,0.010071,0.5,-0.14157
1.67364,0.00561,0.5,-0.142037
1.67512,0.014297,0.5,-0.142692
1.67665,0.001814,0.5,-0.14311
1.67822,0.017675,0.5,-0.143617
1.67964,0.002204,0.5,-0.144084
1.68122,0.012584,0.5,-0.144378
1.68265,0.012584,0.5,-0.144809
1.68426,0.009002,0.5,-0.145239
1.68565,0.009002,0.5,-0.145658
1.68723,0.019892,0.5,-0.146035
1.68865,0.019892,0.5,-0.146284
1.69023,0.026268,0.5,-0.146575
1.69165,0.026268,0.5,-0.146903
1.69323,0.007797,0.5,-0.147172
1.69468,0.00374,0.5,-0.147247
1.69623,0.018617,0.5,-0.147526
1.69765,0.018617,0.5,-0.14772
1.69913,0.026224,0.5,-0.147824
1.70065,0.026224,0.5,-0.14783
1.70223,0.02681,0.5,-0.14803
1.70365,0.02681,0.5,-0.148134
1.70523,0.011089,0.5,-0.148083
1.70665,0.011089,0.5,-0.148062
1.70823,0.015004,0.5,-0.14809
1.70965,0.015004,0.5,-0.148031
1.71123,0.015013,0.5,-0.148026
1.71265,0.015013,0.5,-0.147982
1.71423,0.006378,0.5,-0.147781
1.71569,0.006378,0.5,-0.147843
1.71723,0.01006,0.5,-0.147725
1.71865,0.01006,0.5,-0.147763
1.72027,0.01006,0.5,-0.147682
1.72165,0.01006,0.5,-0.147527
1.72313,0.006955,0.5,-0.147493
1.72465,0.006955,0.5,-0.147386
1.72623,0.006955,0.5,-0.14738
1.72765,0.006955,0.5,-0.147313
1.72923,0.012331,0.5,-0.147228
1.73065,0.012331,0.5,-0.147166
1.73227,0.010696,0.5,-0.147124
1.73365,0.010696,0.5,-0.147076
1.73523,0.005927,0.5,-0.146928
1.73665,0.005927,0.5,-0.147024
1.73823,0.006878,0.5,-0.146955
1.73966,0.006878,0.5,-0.146821
1.74123,0.003181,0.5,-0.146762
1.74265,0.003181,0.5,-0.146693
1.74423,0.001871,0.5,-0.146703
1.74568,0.001871,0.5,-0.146769
1.74714,0.0055,0.5,-0.146588
1.74865,0.0055,0.5,-0.146557
1.75023,0.005595,0.5,-0.146585
1.75166,0.005595,0.5,-0.146616
1.75323,0.001193,0.5,-0.146652
1.75466,0.001193,0.5,-0.146627
1.75624,0.001906,0.5,-0.146627
1.75766,0.001906,0.5,-0.146641
1.75924,0.003235,0.5,-0.146677
1.76066,0.003235,0.5,-0.14679
1.76224,0.016042,0.5,-0.146676
1.76369,0.016042,0.5,-0.146769
1.76524,0.011022,0.5,-0.146754
1.76666,0.011022,0.5,-0.146746
1.76824,0.003277,0.5,-0.146683
1.76966,0.003277,0.5,-0.146637
1.77166,0.484438,0.5,-0.146689
1.77266,0.484438,0.5,-0.146689
1.77424,0.010414,0.5,-0.146696
1.77566,0.010414,0.5,-0.146701
1.77724,0.010414,0.5,-0.146614
1.77866,0.010414,0.5,-0.146721
1.78027,0.015989,0.5,-0.146749
1.78166,0.003356,0.5,-0.146638
1.78324,0.008806,0.5,-0.146603
1.78466,0.004619,0.5,-0.146644
1.78624,0.023688,0.5,-0.1466
1.78766,0.001445,0.5,-0.146671
1.78924,0.01183,0.5,-0.146646
1.79066,0.01183,0.5,-0.146673
1.79224,0.008585,0.5,-0.146688
1.79366,0.016128,0.5,-0.146627
1.79514,0.016128,0.5,-0.146666
1.7973,0.005775,0.5,-0.146721
1.79828,0.007015,0.5,-0.146698
1.79966,0.003987,0.5,-0.146706
1.80124,0.003987,0.5,-0.146681
1.80266,0.019396,0.5,-0.146654
1.80424,0.019396,0.5,-0.146734
1.80566,0.012954,0.5,-0.14664
1.80725,0.012954,0.5,-0.146666
1.80866,0.003378,0.5,-0.146709
1.81024,0.005791,0.5,-0.146649
1.8117,0.005791,0.5,-0.146745
1.81324,0.00584,0.5,-0.146649
1.81467,0.00584,0.5,-0.146647
1.81625,0.00584,0.5,-0.146687
1.81766,0.011086,0.5,-0.146649
1.81914,0.011086,0.5,-0.146642
1.82067,0.010169,0.5,-0.146689
1.82225,0.008757,0.5,-0.146756
1.82367,0.008757,0.5,-0.146654
1.82525,0.006476,0.5,-0.146759
1.82667,0.006476,0.5,-0.14666
1.82828,0.011899,0.5,-0.146652
1.82967,0.011899,0.5,-0.14665
1.83125,0.005083,0.5,-0.14676
1.83226,0.005083,0.5,-0.146733
1.83425,0.002725,0.5,-0.146692
1.83567,0.002725,0.5,-0.146641
1.83725,0.005247,0.5,-0.146721
1.83867,0.005247,0.5,-0.146698
1.84025,0.005619,0.5,-0.146692
1.84167,0.005619,0.5,-0.14667
1.84315,0.008729,0.5,-0.146631
1.84467,0.008729,0.5,-0.146644
1.84625,0.002768,0.5,-0.146705
1.84726,0.002768,0.5,-0.146666
1.84925,0.002768,0.5,-0.146622
1.85115,0.002768,0.5,-0.146702
1.85267,0.011728,0.5,-0.146695
1.85425,0.011728,0.5,-0.146694
1.85625,0.011728,0.5,-0.14669
1.85825,0.012603,0.5,-0.146683
1.85968,0.005794,0.5,-0.146728
1.86167,0.000427,0.5,-0.146683
1.86325,0.000427,0.5,-0.146694
1.86525,0.014492,0.5,-0.146691
1.86715,0.014492,0.5,-0.146743
1.86867,0.003409,0.5,-0.146699
1.87025,0.003409,0.5,-0.146664
1.87225,0.003409,0.5,-0.146672
1.87425,0.012402,0.5,-0.146727
1.87569,0.00582,0.5,-0.146698
1.87767,0.013218,0.5,-0.146642
1.87929,0.00709,0.5,-0.146657
1.88027,0.016205,0.5,-0.146717
1.88225,0.016205,0.5,-0.146678
1.88369,0.016205,0.5,-0.146709
1.88568,0.016205,0.5,-0.1467
1.88725,0.007075,0.5,-0.146731
1.88867,0.007075,0.5,-0.146638
1.89026,0.015714,0.5,-0.146684
1.89171,0.007091,0.5,-0.14671
1.89325,0.013125,0.5,-0.146703
1.89468,0.002751,0.5,-0.146656
1.89626,0.005752,0.5,-0.146657
1.89727,0.004145,0.5,-0.146654
1.89915,0.017881,0.5,-0.1466
1.90068,0.017881,0.5,-0.146672
1.90226,0.007834,0.5,-0.146701
1.90368,0.002774,0.5,-0.146769
1.90529,0.005839,0.5,-0.146671
1.90627,0.007103,0.5,-0.146672
1.90771,0.012059,0.5,-0.146691
1.90926,0.016863,0.5,-0.146601
1.91126,0.016863,0.5,-0.146697
1.91326,0.016863,0.5,-0.146715
1.91516,0.01235,0.5,-0.146683
1.91668,0.01235,0.5,-0.14672
1.91826,0.00283,0.5,-0.14669
1.92026,0.00283,0.5,-0.146678
1.92226,0.00283,0.5,-0.146752
1.92368,0.00283,0.5,-0.146698
1.92526,0.00283,0.5,-0.146642
1.92627,0.014492,0.5,-0.14669
1.92826,0.014492,0.5,-0.146735
1.93026,0.016017,0.5,-0.146695
1.93168,0.010155,0.5,-0.146739
1.9333,0.010155,0.5,-0.146609
1.93526,0.010155,0.5,-0.146686
1.93726,0.001113,0.5,-0.146751
1.93917,0.01087,0.5,-0.146686
1.94027,0.00171,0.5,-0.146655
1.94226,0.01091,0.5,-0.146761
1.94426,0.01091,0.5,-0.146669
1.94527,0.012623,0.5,-0.146676
1.94716,0.011931,0.5,-0.146698
1.94828,0.011931,0.5,-0.146649
1.95026,0.002873,0.5,-0.146635
1.95226,0.002873,0.5,-0.146729
1.95427,0.002873,0.5,-0.146676
1.95569,0.002873,0.5,-0.146714
1.95727,0.002873,0.5,-0.146682
1.95828,0.013172,0.5,-0.146697
1.96027,0.013172,0.5,-0.146657
1.96272,0.013168,0.5,-0.14669
1.96369,0.01684,0.5,-0.146696
1.96527,0.002907,0.5,-0.146693
1.96727,0.019273,0.5,-0.146659
1.96869,0.016179,0.5,-0.146675
1.97027,0.000469,0.5,-0.146646
1.97233,0.017333,0.5,-0.146688
1.9733,0.017333,0.5,-0.146641
1.97527,0.017333,0.5,-0.146659
1.97727,0.00882,0.5,-0.146661
1.97917,0.00882,0.5,-0.146681
1.98028,0.007184,0.5,-0.146686
1.98227,0.007184,0.5,-0.146713
1.98427,0.007184,0.5,-0.146637
1.9853,0.007184,0.5,-0.146699
1.98669,0.016326,0.5,-0.146688
1.98769,0.00054,0.5,-0.146733
1.98972,0.001513,0.5,-0.146733
1.99127,0.001513,0.5,-0.146637
1.99269,0.001513,0.5,-0.146668
1.99427,0.006525,0.5,-0.146657
1.99631,0.002288,0.5,-0.146712
1.99827,0.002288,0.5,-0.146709
1.99931,0.005886,0.5,-0.146676
2.00127,0.005886,0.5,-0.146657
2.00231,0.005814,0.5,-0.14667
2.00431,0.002871,0.5,-0.14668
2.00627,0.01256,0.5,-0.146615
2.00827,0.01256,0.5,-0.146677
2.01027,0.016195,0.5,-0.146642
2.01231,0.016195,0.5,-0.146663
2.01429,0.016195,0.5,-0.146671
2.01627,0.005931,0.5,-0.146739
2.01827,0.005931,0.5,-0.146651
2.0203,0.005931,0.5,-0.146725
2.02231,0.005931,0.5,-0.146687
2.02427,0.005931,0.5,-0.146646
2.02627,0.002798,0.5,-0.146696
2.02831,0.007139,0.5,-0.146717
2.03028,0.009035,0.5,-0.146645
2.03131,0.009035,0.5,-0.146672
2.03269,0.009035,0.5,-0.146678
2.03428,0.009035,0.5,-0.146728
2.03631,0.009035,0.5,-0.146663
2.03828,0.009035,0.5,-0.146712
2.03931,0.005818,0.5,-0.146691
2.04127,0.005818,0.5,-0.146675
2.04317,0.008695,0.5,-0.146681
2.04429,0.008695,0.5,-0.146657
2.04628,0.007017,0.5,-0.14668
2.04827,0.002643,0.5,-0.146745
2.05028,0.002643,0.5,-0.146702
2.05231,0.002723,0.5,-0.146655
2.05428,0.002723,0.5,-0.14665
2.05628,0.002723,0.5,-0.146678
2.05828,0.015854,0.5,-0.146642
2.05932,0.015854,0.5,-0.146648
2.0607,0.015854,0.5,-0.146663
2.06173,0.01067,0.5,-0.146662
2.06328,0.01067,0.5,-0.146703
2.06528,0.01067,0.5,-0.146734
2.06719,0.01067,0.5,-0.146689
2.06829,0.008117,0.5,-0.146647
2.07028,0.008117,0.5,-0.146758
2.07132,0.007012,0.5,-0.146696
2.07328,0.007012,0.5,-0.146768
2.07518,0.002014,0.5,-0.146622
2.0763,0.019229,0.5,-0.146651
2.07828,0.019229,0.5,-0.146654
2.08032,0.019229,0.5,-0.146718
2.08132,0.019229,0.5,-0.146693
2.08319,0.012969,0.5,-0.146653
2.0843,0.012969,0.5,-0.146706
2.08628,0.013044,0.5,-0.146674
2.08829,0.013044,0.5,-0.146663
2.09029,0.002661,0.5,-0.146685
2.09132,0.002661,0.5,-0.146684
2.09271,0.002661,0.5,-0.146644
2.09429,0.002661,0.5,-0.146654
2.09629,0.013064,0.5,-0.146658
2.09829,0.013064,0.5,-0.146753
2.09932,0.010703,0.5,-0.146705
2.10071,0.007031,0.5